,r1_smiles,r1HitCount,r2_smiles,r2HitCount,r3_smiles,r3HitCount,r1r2_smiles,r1r2HitCount,r1r3_smiles,r1r3HitCount,r2r3_smiles,r2r3HitCount,r1r2r3_smiles,r1r2r3HitCount
0,O=C1C2=C(C=CC(N3CCC(C=O)C3)=C2)CN1CCCC(O)=O,1.9807352489244008,Cl.Cl.O1CCN(CC1)[C@H]2[C@H](N)C2,43.63697564535956,OC(=O)c1nc2c(cc1)C(=O)NC=C2,135.34872464658883,OC(CCCN1CC2=C(C=C(C=C2)C=O)C1=O)=O-Cl.Cl.O1CCN(CC1)[C@H]2[C@H](N)C2,196.7961451290719,O=C1C2=C(C=C(N3CCC(C([H])=O)CC3)C=C2)N=C(C)N1CCCC(O)=O-OC(=O)c1nc2c(cc1)C(=O)NC=C2,129.06999078057777,Cl.NCC1C(=O)Nc2c(cccc2)C1-O=Cc1cc(cnc1)c2ccc(F)cc2,178.9526448217578,O=C(N1CCC(C=O)CC1)C2=CC=C(N3CCCN(CCCCCC(O)=O)C3=O)C=C2-Nc1ccc(cc1)C(C(F)(F)F)(O)C(F)(F)F-OC(=O)Cc1cc(co1)C(F)(F)F,69.0634315457898
1,OC(CCC(C=C1)=CC=C1C2=CN=C(C=O)C=C2)=O,1.917495774431469,Cl.NCC1C(=O)Nc2c(cccc2)C1,42.32198832206515,O=C1Oc2c(ccc(S(=O)(=O)Cl)c2)N1,93.4340619237861,O=C(N1CCC(C=O)CC1)C2=CC=C(N3CCCN(CCCCCC(O)=O)C3=O)C=C2-Cl.NCC1C(=O)Nc2c(cccc2)C1,163.19964850952672,O=C1C2=C(C=CC(N3CCC(C=O)CC3)=C2)N=C(C)N1CCCC(O)=O-OC(=O)c1nc2c(cc1)C(=O)NC=C2,117.59229025814382,NCc1nc(sc1)c2sccc2-OC(=O)c1c2c(ccc1)NC(=O)C(C)O2,148.01387715119853,O=C(N1CCC(C=O)CC1)C2=CC=C(N3CCCN(CCCCCC(O)=O)C3=O)C=C2-Cl.NCC1C(=O)Nc2c(cccc2)C1-O=Cc1cc(cnc1)c2ccc(F)cc2,39.92105869698832
2,O=C(O)CCC1=CC=CC(C2=CN=C(C=O)C=C2)=C1,1.7756031038721574,Cl.NC[C@@H]1O[C@H](CC1)c2ccccc2,20.34897433927474,CCCNS(=O)(=O)c1ccc(C(O)=O)cc1,36.993507990165945,O=C1C2=C(C=C(C=C2)C=O)CN1CCCC(O)=O-Cl.Cl.O1CCN(CC1)[C@H]2[C@H](N)C2,83.17466003380456,OC(CCCN(CC1=C2C=CC(C3=CC(C=O)=CC=C3)=C1)C2=O)=O-OC(=O)c1nc2c(cc1)C(=O)NC=C2,99.8343385064536,Nc1ccc(cc1)C(C(F)(F)F)(O)C(F)(F)F-OC(=O)Cc1cc(co1)C(F)(F)F,74.88588083896742,O=C(N1CCC(C=O)CC1)C2=CC=C(N3CCCN(CCCCCC(O)=O)C3=O)C=C2-NCc1nc(sc1)c2sccc2-OC(=O)c1c2c(ccc1)NC(=O)C(C)O2,35.928952827289486
3,O=C(N1CCC(C=O)CC1)C2=CC=C(N3CCCN(CCCCCC(O)=O)C3=O)C=C2,1.522213045482483,Nc1cc(nn1)c2occc2,17.6765807467732,OC(=O)c1nc(sc1)c2nccnc2,35.89049055009219,O=C1C2=C(C=C(C=O)C=C2)N=C(C)N1CCCC(O)=O-Cl.Cl.O1CCN(CC1)[C@H]2[C@H](N)C2,82.70804202519976,O=C(N1CCC(C=O)CC1)C2=CC=C(N3CCCN(CCCCCC(O)=O)C3=O)C=C2-OC(=O)Cc1cc(co1)C(F)(F)F,99.61777811923784,Cl.NCC1C(=O)Nc2c(cccc2)C1-O=Cc1cc(ccc1)c2nnnn2,74.1827270282729,OC(CCCCCN(C1=O)C(C2=C(C=O)C=CC3=CC=CC1=C32)=O)=O-Nc1ccc(cc1)c2nnnn2-OC(=O)C(Cc1ccccc1)N2C(=O)OCCC2,32.33605754456054
4,O=C1C2=C(C=C(N3CCC(C([H])=O)CC3)C=C2)N=C(C)N1CCCC(O)=O,1.3954459895513214,COc1cc2c(CC(N)C(O)=O)cnc2cc1,10.198726567301785,OC(=O)C1CCN(CC1)c2n3c(nnn3)cnc2,33.68445566994469,O=C1C2=C(C=CC(C=O)=C2)N=C(C)N1CCCC(O)=O-Cl.Cl.O1CCN(CC1)[C@H]2[C@H](N)C2,81.42484250153657,O=C1C2=C(C=C(C=C2)N3CCC(C=O)CC3)CN1CCCC(O)=O-OC(=O)c1nc2c(cc1)C(=O)NC=C2,87.273836047941,NCc1nc(sc1)c2sccc2-O=C1Nc2c(OC1)c(ccc2)C(O)=O,68.90907344806392,O=C(N1CCC(C=O)CC1)C2=CC=C(N3CCCN(CCCCCC(O)=O)C3=O)C=C2-Nc1ccc(cc1)C(C(F)(F)F)(O)C(F)(F)F-OC(=O)Cc1cc(nn1)C(F)(F)F,30.340004609711123
5,OC(CCCN1CC2=C(C=C(C=C2)N3CCC(C=O)CC3)C1=O)=O,1.3813287492317148,Cl.NCC1=NC2=C(COCC2)C(=O)N1,7.6535898125384145,OC(=O)c1ncc(cc1)c2occc2,22.382769283958208,O=C(N1CCC(C=O)CC1)C2=CC=C(N3CCCN(CCCCCC(O)=O)C3=O)C=C2-Cl.NC[C@@H]1O[C@H](CC1)c2ccccc2,81.30818799938537,O=C1C2=C(C=CC(N3CCC(C=O)C3)=C2)CN1CCCC(O)=O-OC(=O)c1nc2c(cc1)C(=O)NC=C2,82.50950752919483,Cl.NCC1C(=O)Nc2c(cccc2)C1-O=Cc1n(C)nc(c1)c2ccccc2,58.71334319299324,O=C1C2=C(C=C(N3CCC(C([H])=O)CC3)C=C2)N=C(C)N1CCCC(O)=O-NC1Cc2c(NC1)nnc2C-O=Cc1ccc(cc1)c2cnccc2,25.549477566072525
6,OC(CCCN1CC2=C(C=C(C=C2)C=O)C1=O)=O,1.3679317762753531,OC(=O)c1cc2c(ccc(N)c2)n1,7.592991318377382,OC(=O)c1ccc(cc1)C2NC(=O)CCC2,18.598570989551323,O=C1C2=C(C=CC(N3CCC(C=O)C3)=C2)CN1CCCC(O)=O-Cl.NCC1C(=O)Nc2c(cccc2)C1,63.6933581745544,OC(CCCN1CC2=C(C=CC(N3CCC(C=O)C3)=C2)C1=O)=O-OC(=O)c1nc2c(cc1)C(=O)NC=C2,80.3439036570375,Nc1ccc(cc1)c2nnnn2-OC(=O)C(Cc1ccccc1)N2C(=O)OCCC2,52.0333819913952,O=C1C2=C(C=C(C=O)C=C2)N=NN1CCCC(O)=O-Nc1cnc(cc1)N2C(=O)CC(=N2)C3CC3-X,24.75105639213276
7,O=C1C2=C(C=CC(N3CCC(C=O)CC3)=C2)N=C(C)N1CCCC(O)=O,1.3143438844499078,Cl.NCc1nc(nn1)c2ccccc2,6.247704748002459,OC(=O)c1c2c(nccn2)cc(F)c1,18.0046385218193,OC(CCCN1CC2=C(C=C(C=C2)N3CCC(C=O)CC3)C1=O)=O-Cl.NC[C@@H]1O[C@H](CC1)c2ccccc2,62.52681315304241,OC(CCCCCN(C1=O)C(C2=C(C=O)C=CC3=CC=CC1=C32)=O)=O-OC(=O)c1nc2c(cc1)C(=O)NC=C2,71.89804855562384,Nc1cc(nn1)c2occc2-O=Cc1cc(ccc1)OC(C(O)=O)c2ccccc2,47.81445912722803,O=C1C2=C(C=C(C=C2)C=O)CN1CCCC(O)=O-Nc1cc(nn1)c2occc2-O=Cc1cc(ccc1)OC(C(O)=O)c2ccccc2,21.95658228334357
8,O=C1C2=C(C=C(C=C2)N3CCC(C=O)CC3)CN1CCCC(O)=O,1.275305393362016,Nc1cc2c(cc1)nc(S)n2,6.217405500921942,N#Cc1c(C)nc(C(O)=O)cc1,17.071316072526123,O=C1C2=C(C=C(C=C2)N3CCC(C=O)CC3)CN1CCCC(O)=O-Cl.NC[C@@H]1O[C@H](CC1)c2ccccc2,59.72710510141364,O=C(N1CCC(C=O)CC1)C2=CC=C(N3CCCN(CCCCCC(O)=O)C3=O)C=C2-O=C1Oc2c(ccc(S(=O)(=O)Cl)c2)N1,71.24836739397664,Nc1cnc(cc1)N2C(=O)CC(=N2)C3CC3-X,41.13449792563,O=C(O)CCC1=CC=CC(C2=CN=C(C=O)C=C2)=C1-Cl.NCC1C(=O)Nc2c(cccc2)C1-O=Cc1cc(cnc1)c2ccc(F)cc2,21.557371696373696
9,OC(CCCN1CC2=C(C=CC(N3CCC(C=O)C3)=C2)C1=O)=O,1.27314459127228,Nc1cc2c(cc1)ccn2,6.187106253841425,OC(=O)c1c2c(ncc1)nc(CC3CC3)n2,13.287117778119235,OC(CCCC1=CC(C=O)=CC=C1)=O-Cl.Cl.O1CCN(CC1)[C@H]2[C@H](N)C2,52.49452596803934,OC(CCCN1CC2=C(C=C(C=C2)C=O)C1=O)=O-O=C1Oc2c(ccc(S(=O)(=O)Cl)c2)N1,71.0318070067609,Cl.NCC1C(=O)Nc2c(cccc2)C1-OC(=O)CCc1oc(cn1)c2ccc(Cl)cc2,38.32188268285188,O=C(N1CCC(C=O)CC1)C2=CC=C(N3CCCN(CCCCCC(O)=O)C3=O)C=C2-Cl.NCC1C(=O)Nc2c(cccc2)C1-O=Cc1cc(ccc1)c2nnnn2,20.359739935464045
10,OC(CCCN(CC1=C2C=CC(C3=CC(C=O)=CC=C3)=C1)C2=O)=O,1.254417639827904,Nc1cc(ccc1)C(N)=S,5.4114455285802086,OC(=O)c1cn2c(cccc2)c1,11.810771358328212,OC(CCCC1=CC=C(C=O)C=C1)=O-Cl.Cl.O1CCN(CC1)[C@H]2[C@H](N)C2,52.26121696373694,OC(CCC(C=C1)=CN=C1C2=CC=C(C=O)C=C2)=O-OC(=O)c1nc2c(cc1)C(=O)NC=C2,70.3821258451137,Cl.NCC1C(=O)Nc2c(cccc2)C1-O=Cc1cc(no1)c2c(OC)cccc2,37.97030577750461,O=C(N1CCC(C=O)CC1)C2=CC=C(N3CCCN(CCCCCC(O)=O)C3=O)C=C2-Cl.NCC1C(=O)Nc2c(cccc2)C1-O=Cc1nn(cc1)c2ccccc2,18.76289758758451
11,O=C1C2=C(C=C(C=C2)C=O)CN1CCCC(O)=O,1.1763406576521205,NCc1nc(sc1)c2sccc2,5.108453057775046,OC(=O)c1c2c(ccc1)NC(=O)C(C)O2,11.573198371235405,OC(CCC(C=C1)=CN=C1C2=CC=C(C=O)C=C2)=O-Cl.Cl.O1CCN(CC1)[C@H]2[C@H](N)C2,50.511399431468966,OC(CCC1=CC=NC(C2=CC=C(C=O)C=C2)=C1)=O-OC(=O)c1nc2c(cc1)C(=O)NC=C2,68.86620313460357,Cl.NCC1C(=O)Nc2c(cccc2)C1-O=Cc1cn(nc1)c2ccc(F)cc2,35.86084434542102,O=C(N1CCC(C=O)CC1)C2=CC=C(N3CCCN(CCCCCC(O)=O)C3=O)C=C2-Cl.NCC1C(=O)Nc2c(cccc2)C1-OC(=O)CCc1oc(cn1)c2ccc(Cl)cc2,17.964476413644743
12,O=C1C2=C(C=C(C=O)C=C2)N=C(C)N1CCCC(O)=O,1.0697410878918254,NCc1cnc(cc1)n2nccc2,5.108453057775046,O=Cc1cnc(cc1)c2ncccc2,11.471381376767056,O=C(O)CCC1=CC=CC(C2=CN=C(C=O)C=C2)=C1-Cl.NCC1C(=O)Nc2c(cccc2)C1,46.77845536263061,OC(CCC(C=C1)=CC=C1C2=CN=C(C=O)C=C2)=O-OC(=O)c1nc2c(cc1)C(=O)NC=C2,66.05091810079901,Cl.NCC1C(=O)Nc2c(cccc2)C1-OC(=O)CC1c2c(cccc2)C(=O)O1,35.15769053472649,O=C1C2=C(C=CC(N3CCC(C=O)CC3)=C2)N=C(C)N1CCCC(O)=O-NC1Cc2c(CC1)n(C)nn2-O=Cc1c2c(ccc(Cl)c2)nn1,17.56526582667486
13,O=C1C2=C(C=CC(C=O)=C2)N=C(C)N1CCCC(O)=O,1.0334396127842655,NCc1oc(nn1)N2CCOCC2,4.999375768285187,OC(=O)c1nc(cc1)c2ccccc2,11.1319913952059,OC(CCCN1CC2=C(C=C(C=C2)C=O)C1=O)=O-Cl.NCC1C(=O)Nc2c(cccc2)C1,46.07852834972342,O=C(O)CCC1=CC=CC(C2=CN=C(C=O)C=C2)=C1-OC(=O)c1nc2c(cc1)C(=O)NC=C2,66.05091810079901,Cl.NCC1C(=O)Nc2c(cccc2)C1-O=Cc1nn(nc1)c2ccccc2,34.806113629379226,O=C(N1CCC(C=O)CC1)C2=CC=C(N3CCCN(CCCCCC(O)=O)C3=O)C=C2-NCc1nc(sc1)c2sccc2-O=C1Nc2c(OC1)c(ccc2)C(O)=O,16.766844652735095
14,OC(CCC(C=C1)=CN=C1C2=CC=C(C=O)C=C2)=O,0.9349070374923172,Cl.NCCN1c2c(cccc2)NS1(=O)=O,4.811520436385987,OC(=O)c1cc2c(cc1)CS(=O)(=O)N2,10.962296404425324,O=C(N1CCC(C=O)CC1)C2=CC=C(N3CCCN(CCCCCC(O)=O)C3=O)C=C2-Nc1ccc(cc1)C(C(F)(F)F)(O)C(F)(F)F,45.495255838967424,O=C1C2=C(C=C(C=O)C=C2)N=C(C)N1CCCC(O)=O-O=C1Oc2c(ccc(S(=O)(=O)Cl)c2)N1,64.31843500307315,Nc1ccc(cc1)C(C(F)(F)F)(O)C(F)(F)F-OC(=O)Cc1cc(nn1)C(F)(F)F,34.45453672403196,OC(CCCN1CC2=C(C=C(C=C2)N3CCC(C=O)CC3)C1=O)=O-Cl.Cl.COC(=O)[C@H](N)Cc1ncnc1-OC(=O)c1ccc(cc1)c2nccn2,16.766844652735095
15,OC(CCCC1=CC=C(C=O)C=C1)=O,0.861439766441303,Cl.NCCC1c2c(ccc(F)c2)NC1=O,4.490348417332514,OC(=O)CCC1C(=O)Nc2c(cccc2)C1,9.876248463429626,OC(CCC(C=C1)=CC=C1C2=CN=C(C=O)C=C2)=O-Cl.Cl.O1CCN(CC1)[C@H]2[C@H](N)C2,45.495255838967424,OC(CCCN1CC2=C(C=C(C=C2)N3CCC(C=O)CC3)C1=O)=O-OC(=O)c1nc2c(cc1)C(=O)NC=C2,63.4521934542102,Cl.NCC1C(=O)Nc2c(cccc2)C1-O=Cc1cc(nn1)c2ncccc2,31.993498386601107,O=C1C2=C(C=CC(N3CCC(C=O)CC3)=C2)N=C(C)N1CCCC(O)=O-Nc1ccc(cc1)N(CC)c2nc(C)cc(C)n2-OC(=O)CC1c2c(ccc(F)c2)NC1=O,16.766844652735095
16,OC(CCC(C=C1)=CC=C1C2=CC=C(C=O)C=N2)=O,0.8575503226797787,Nc1cc2c(cc1)nc(S)s2,4.48428856791641,OC(=O)Cc1cc(co1)C(F)(F)F,9.723522971727103,OC(CCC(C=C1)=CC=C1C2=CC=C(C=O)C=N2)=O-Cl.Cl.O1CCN(CC1)[C@H]2[C@H](N)C2,45.26194683466503,O=C1C2=C(C=C(C=C2)C=O)CN1CCCC(O)=O-O=C1Oc2c(ccc(S(=O)(=O)Cl)c2)N1,63.01907267977874,Cl.NCC1C(=O)Nc2c(cccc2)C1-O=Cc1c(C)nn(c1)c2ccc(F)cc2,29.53246004917025,OC(CCCN(CC1=C2C=CC(C3=CC(C=O)=CC=C3)=C1)C2=O)=O-NCc1n2c(nn1)ccc(C(F)(F)F)c2-CCN1CCN(CC1)c2c(C=O)cccc2,16.766844652735095
17,OC(CCC1=CC=NC(C2=CC=C(C=O)C=C2)=C1)=O,0.840263905961893,NCC(c1ccccc1)c2ccccc2,4.144937000614628,O=Cc1cc(cnc1)c2ccc(F)cc2,9.672614474492931,O=C(O)CCC1=CC=CC(C2=CN=C(C=O)C=C2)=C1-Cl.Cl.O1CCN(CC1)[C@H]2[C@H](N)C2,44.32871081745544,OC(CCC(C=C1)=CC=C1C2=CC=C(C=O)C=N2)=O-OC(=O)c1nc2c(cc1)C(=O)NC=C2,61.71971035648433,Cl.NCC1C(=O)Nc2c(cccc2)C1-O=Cc1nn(cc1)c2ccccc2,28.477729333128455,O=C(N1CCC(C=O)CC1)C2=CC=C(N3CCCN(CCCCCC(O)=O)C3=O)C=C2-Cl.NCC1C(=O)Nc2c(cccc2)C1-O=Cc1nn(nc1)c2ccccc2,16.766844652735095
18,OC(CCCCCN(C1=O)C(C2=C(C=O)C=CC3=CC=CC1=C32)=O)=O,0.836806622618316,Cc1cc2c(ccc(N)c2F)n1,4.011620313460357,OC(=O)c1ccc(cc1)C2NC(=O)OC=2,9.6047364781807,OC(CCC(C=C1)=CC=C1C2=CC=C(C=O)C=N2)=O-Cl.NCC1C(=O)Nc2c(cccc2)C1,42.92885679164105,O=C1C2=C(C=C(C=C2)N3CCC(C=O)CC3)CN1CCCC(O)=O-O=C1Oc2c(ccc(S(=O)(=O)Cl)c2)N1,59.98722725875845,NC1Cc2c(NC1)nnc2C-O=Cc1ccc(cc1)c2cnccc2,22.500921942224952,O=C1C2=C(C=CC(N3CCC(C=O)C3)=C2)CN1CCCC(O)=O-NCc1nc(sc1)c2sccc2-OC(=O)c1c2c(ccc1)NC(=O)C(C)O2,15.569212891825444
19,O=C(N1CCCC(O)=O)C2=C3C1=CC=CC3=C(C=O)C=C2,0.7947430086047941,Cl.Cl.NCc1nc(no1)c2cnccc2,3.920722572218808,OC(=O)c1ncc(nc1)Oc2ccccc2,9.45201098647818,O=C1C2=C(C=C(C=C2)C=O)CN1CCCC(O)=O-Cl.NCC1C(=O)Nc2c(cccc2)C1,42.22892977873386,OC(CCCN1CC2=C(C=C(C=C2)C=O)C1=O)=O-OC(=O)c1nc2c(cc1)C(=O)NC=C2,58.90442532267978,NC1Cc2c(CC1)n(C)nn2-O=Cc1c2c(ccc(Cl)c2)nn1,21.09461432083589,OC(CCCN1CC2=C(C=C(C=C2)N3CCC(C=O)CC3)C1=O)=O-NCc1nc(sc1)c2sccc2-OC(=O)c1c2c(ccc1)NC(=O)C(C)O2,15.17000230485556
20,OC(CCCN1CC2=C(C=CC(C#CC=O)=C2)C1=O)=O,0.7776006453595574,Cl.NCCN1c2c(cccc2)OC(C)(C)C1,3.872243776889981,OC(=O)c1c2c(nnn2)cc(F)c1,9.07868200676091,OC(CCC1=CC=NC(C2=CC=C(C=O)C=C2)=C1)=O-Cl.Cl.O1CCN(CC1)[C@H]2[C@H](N)C2,40.47911224646589,OC(CCCN1CC2=C(C=C(C=C2)N3CCC(C=O)CC3)C1=O)=O-O=C1Oc2c(ccc(S(=O)(=O)Cl)c2)N1,58.90442532267978,Cl.NCC1C(=O)Nc2c(cccc2)C1-c1ccc(cc1)n2cc(cn2)c3c(C(O)=O)cno3,21.09461432083589,O=C1C2=C(C=C(N3CCC(C([H])=O)CC3)C=C2)N=C(C)N1CCCC(O)=O-NC1Cc2c(NC1)nnc2C-O=Cc1ccc(cc1)C#CC(C)(C)O,14.77079171788568
21,O=C(O)CCCCC=O,0.7444683466502766,Cl.CCOC(=O)C(N)CCc1nccnc1,3.799525583896743,O=C1C=NC(=CN1)C(O)=O,8.959895513214505,O=C(N1CCC(C=O)CC1)C2=CC=C(N3CCCN(CCCCCC(O)=O)C3=O)C=C2-Nc1cc(nn1)c2occc2,37.32944068838353,OC(CCCC1=CC=C(C=O)C=C1)=O-OC(=O)c1nc2c(cc1)C(=O)NC=C2,58.68786493546404,Cl.NCC1C(=O)Nc2c(cccc2)C1-c1ccc(cc1)Cn2c(C)c(C(O)=O)c(C)n2,21.09461432083589,OC(CCC(C=C1)=CN=C1C2=CC=C(C=O)C=C2)=O-Cl.NCC1C(=O)Nc2c(cccc2)C1-O=Cc1cc(cnc1)c2ccc(F)cc2,13.972370543945912
22,O=C(O)CCCCNC1=NN(C)C2=C1C=CC(C=O)=C2,0.7009641979102642,Nc1cc2c(nc1)ncc2,3.75710663798402,n1nc(nn1)c2ccc(cc2)S(=O)(=O)Cl,8.858078518746158,O=C1C2=C(C=C(N3CCC(C([H])=O)CC3)C=C2)N=C(C)N1CCCC(O)=O-Cl.NCC1C(=O)Nc2c(cccc2)C1,36.62951367547634,O=C(O)CCCCNC1=NN(C)C2=C1C=CC(C=O)=C2-OC(=O)c1nc2c(cc1)C(=O)NC=C2,58.47130454824831,Cl.NCC1C(=O)Nc2c(cccc2)C1-O=Cc1nc(sc1)c2ccc(F)cc2,20.391460510141368,OC(CCC1=CC=NC(C2=CC=C(C=O)C=C2)=C1)=O-Cl.NCC1C(=O)Nc2c(cccc2)C1-O=Cc1cc(cnc1)c2ccc(F)cc2,13.972370543945912
23,OC(CCCC1=CC(C=O)=CC=C1)=O,0.6689843269821758,Nc1c(O)cc2c(cccc2)c1,3.696508143822987,OC(=O)Cc1cc2c(ncs2)cc1,8.518688537185003,O=C1C2=C(C=CC(C=O)=C2)N=C(C)N1CCCC(O)=O-Cl.NCC1C(=O)Nc2c(cccc2)C1,35.346314151813154,OC(CCCN1CC2=C(C=CC(N3CCC(C=O)C3)=C2)C1=O)=O-O=C1Oc2c(ccc(S(=O)(=O)Cl)c2)N1,58.47130454824831,Cl.NCC1C(=O)Nc2c(cccc2)C1-OC(=O)CN1C(=O)NC(CC1)c2ccccc2,20.0398836047941,OC(CCCN1CC2=C(C=C(C=C2)N3CCC(C=O)CC3)C1=O)=O-Cl.CC(N)c1nc(on1)Cc2c3c(cccc3)on2-NC(=O)c1cc(Cl)ncn1,13.173949370006143
24,O=C1C2=C(C=C(C=O)C=C2)N=NN1CCCC(O)=O,0.5717482329440688,COC(=O)C(N)Cc1c2c(cccc2F)nc1,3.484413414259373,OC(=O)c1c(F)cc2c(nccn2)c1,8.128390058389673,OC(CCC(C=C1)=CN=C1C2=CC=C(C=O)C=C2)=O-Cl.NCC1C(=O)Nc2c(cccc2)C1,34.06311462814997,O=C1C2=C(C=CC(C=O)=C2)N=C(C)N1CCCC(O)=O-O=C1Oc2c(ccc(S(=O)(=O)Cl)c2)N1,58.47130454824831,Cl.NCC1C(=O)Nc2c(cccc2)C1-CCSc1ncc(C=O)cn1,20.0398836047941,OC(CCCN1CC2=C(C=C(C=C2)N3CCC(C=O)CC3)C1=O)=O-Cl.NCC1C(=O)Nc2c(cccc2)C1-O=Cc1cc(cnc1)c2ccc(F)cc2,13.173949370006143
25,O=C1C2=C(C=CC(C#CC=O)=C2)CN1CCCC(O)=O,0.5717482329440688,Nc1nn(cc1)Cc2nc3n(cccc3)c2,3.338977028272895,OC(=O)c1cc2c(cc1)C(=O)NCC(=O)N2,8.094451060233558,OC(CCCN(CC1=C2C=CC(C3=CC(C=O)=CC=C3)=C1)C2=O)=O-Cl.NCC1C(=O)Nc2c(cccc2)C1,33.47984211739398,O=C1C2=C(C=CC(C=O)=C2)N=C(C)N1CCCC(O)=O-OC(=O)c1nc2c(cc1)C(=O)NC=C2,58.254744161032576,Cl.NCC1C(=O)Nc2c(cccc2)C1-O=C(OCc1ccccc1)N[C@H]2C[C@@H](C(O)=O)C2,19.68830669944684,OC(CCCN1CC2=C(C=C(C=C2)C=O)C1=O)=O-Nc1cc(nn1)c2occc2-O=Cc1cc(ccc1)OC(C(O)=O)c2ccccc2,13.173949370006143
26,OC(CCCN1CC2=C(C=CC=C2C#CC=O)C1=O)=O,0.5085087584511371,Nc1ccc(cc1)c2nc3n(ccc(C)c3)c2,3.332917178856792,OC(=O)c1cc(nn1)c2cocc2,8.094451060233558,O=C1C2=C(C=C(N3CCC(C([H])=O)CC3)C=C2)N=C(C)N1CCCC(O)=O-Cl.NC[C@@H]1O[C@H](CC1)c2ccccc2,33.24653311309158,O=C1C2=C(C=C(C=O)C=C2)N=C(C)N1CCCC(O)=O-OC(=O)c1nc2c(cc1)C(=O)NC=C2,57.605062999385375,Nc1cc(nn1)c2sccc2-O=Cc1cc(ccc1)OC(C(O)=O)c2ccccc2,18.985152888752307,O=C(N1CCC(C=O)CC1)C2=CC=C(N3CCCN(CCCCCC(O)=O)C3=O)C=C2-Cl.NCC1C(=O)Nc2c(cccc2)C1-O=Cc1cn(nc1)c2ccc(F)cc2,12.375528196066378
27,OC(CCCN1C2=C3C(C=CC=C3C1=O)=C(C=O)C=C2)=O,0.4935271972956361,Nc1ccc(cc1)C(C(F)(F)F)(O)C(F)(F)F,3.314737630608482,OC(=O)CC1c2c(cccc2)C(=O)NN=1,7.805969575906576,OC(CCCN1CC2=C(C=C(C=C2)N3CCC(C=O)CC3)C1=O)=O-Cl.NCC1C(=O)Nc2c(cccc2)C1,32.079988091579594,OC(CCCC1=CC=C(C=O)C=C1)=O-O=C1Oc2c(ccc(S(=O)(=O)Cl)c2)N1,55.65601951444376,Cl.NCC1C(=O)Nc2c(cccc2)C1-O=CC1CCN(CC1)C(=O)OCc2ccccc2,18.63357598340504,OC(CCCC1=CC=C(C=O)C=C1)=O-Nc1cc(nn1)c2occc2-O=Cc1cc(ccc1)OC(C(O)=O)c2ccccc2,12.375528196066378
28,OC(CCCCCCN1CCC(CC1)=O)=O,0.0992528426551936,Cl.O=C1CN(CCN1)c2c(N)cccn2,3.060223955132145,O=Cc1cc(ccc1)c2nnnn2,7.772030577750461,O=C1C2=C(C=C(C=C2)C=O)CN1CCCC(O)=O-Nc1cc(nn1)c2occc2,30.91344307006761,O=C1C2=C(C=C(C=C2)C=O)CN1CCCC(O)=O-OC(=O)c1nc2c(cc1)C(=O)NC=C2,55.00633835279656,Cl.NCC1C(=O)Nc2c(cccc2)C1-OC(=O)CN1C(=O)C(CC)(C)NC1=O,17.578845267363246,OC(CCCN(CC1=C2C=CC(C3=CC(C=O)=CC=C3)=C1)C2=O)=O-NCc1n2c(nn1)ccc(C(F)(F)F)c2-O=Cc1c(cccc1)N(C)C2CCN(C)CC2,11.976317609096498
29,,,COc1c(N)ccc(C)n1,2.9996254609711124,Clc1c2c(CCC2)nc(n1)c3ncccc3,7.364762599877075,OC(CCC(C=C1)=CC=C1C2=CN=C(C=O)C=C2)=O-Cl.NCc1nc(nn1)c2ccccc2,29.396934542102027,O=C(O)CCCCNC1=NN(C)C2=C1C=CC(C=O)=C2-CCCNS(=O)(=O)c1ccc(C(O)=O)cc1,52.84073448063921,NC1Cc2c(NC1)nnc2C-O=Cc1ccc(cc1)C#CC(C)(C)O,17.22726836201598,O=C(N1CCC(C=O)CC1)C2=CC=C(N3CCCN(CCCCCC(O)=O)C3=O)C=C2-Cl.NCC1C(=O)Nc2c(cccc2)C1-O=Cc1cc(no1)c2c(OC)cccc2,11.976317609096498
30,,,Nc1ccc(cc1)c2nnnn2,2.8602489244007376,OC(=O)c1sc(nc1)CC2CC2,7.347793100799017,O=C1C2=C(C=CC(N3CCC(C=O)CC3)=C2)N=C(C)N1CCCC(O)=O-Cl.NC[C@@H]1O[C@H](CC1)c2ccccc2,27.763771511985247,O=C1C2=C(C=C(N3CCC(C([H])=O)CC3)C=C2)N=C(C)N1CCCC(O)=O-O=C1Oc2c(ccc(S(=O)(=O)Cl)c2)N1,50.458570221266136,Cl.NCC1C(=O)Nc2c(cccc2)C1-O=Cc1cn(nc1)c2cc(F)ccc2,17.22726836201598,OC(CCCN1CC2=C(C=C(C=C2)C=O)C1=O)=O-Cl.NCC1C(=O)Nc2c(cccc2)C1-O=Cc1cc(cnc1)c2ccc(F)cc2,11.577107022126617
31,,,CC(N)c1nc2c(ccc(C)c2)n1,2.8299496773202213,OC(=O)c1nn2c(cc(C)nc2c1)C(F)(F)F,7.347793100799017,O=C1C2=C(C=CC(N3CCC(C=O)C3)=C2)CN1CCCC(O)=O-Cl.NC[C@@H]1O[C@H](CC1)c2ccccc2,27.180499001229258,O=C(N1CCC(C=O)CC1)C2=CC=C(N3CCCN(CCCCCC(O)=O)C3=O)C=C2-OC(=O)Cc1cc(nn1)C(F)(F)F,50.458570221266136,Cl.NCC1C(=O)Nc2c(cccc2)C1-O=Cc1cn(nc1)c2ncccc2,16.875691456668715,O=C(N1CCC(C=O)CC1)C2=CC=C(N3CCCN(CCCCCC(O)=O)C3=O)C=C2-Cl.NCC1C(=O)Nc2c(cccc2)C1-O=Cc1cc(nn1)c2ncccc2,10.778685848186848
32,,,Nc1cc2c(cc1)OCO2,2.823889827904118,X,7.229006607252612,O=C(O)CCCCNC1=NN(C)C2=C1C=CC(C=O)=C2-Cl.NCC1C(=O)Nc2c(cccc2)C1,26.480571988322065,O=C(N1CCCC(O)=O)C2=C3C1=CC=CC3=C(C=O)C=C2-OC(=O)c1nc2c(cc1)C(=O)NC=C2,50.24200983405041,Cl.NCc1ccc(cc1)S(=O)(=O)N(C)C-OC(=O)c1nc2c(cc1)C(=O)NC=C2,16.875691456668715,O=C1C2=C(C=C(C=C2)C=O)CN1CCCC(O)=O-Cl.NCC1C(=O)Nc2c(cccc2)C1-O=Cc1cc(cnc1)c2ccc(F)cc2,10.778685848186848
33,,,Cl.Cl.NCc1nc2n(CCS2)c1,2.7875307314074984,O=Cc1c2c(ccc1)nnc2C(O)=O,7.144159111862323,OC(CCCN1CC2=C(C=C(C=C2)C=O)C1=O)=O-Nc1cc(nn1)c2occc2,25.897299477566072,OC(CCCN1C2=C3C(C=CC=C3C1=O)=C(C=O)C=C2)=O-OC(=O)c1nc2c(cc1)C(=O)NC=C2,50.02544944683466,Cl.NCC1C(=O)Nc2c(cccc2)C1-OC(=O)CN1C(=O)NCC1,15.82096074062692,O=C(N1CCC(C=O)CC1)C2=CC=C(N3CCCN(CCCCCC(O)=O)C3=O)C=C2-Cl.NCC1C(=O)Nc2c(cccc2)C1-O=Cc1n(C)nc(c1)c2ccccc2,10.778685848186848
34,,,Nc1cc(ccc1)OCc2ccccc2,2.7632913337430853,c1ccc(cc1)n2cc(cn2)c3c(C(O)=O)cno3,6.889616625691457,OC(CCCC1=CC=C(C=O)C=C1)=O-Nc1cc(nn1)c2occc2,23.7975184388445,O=C1C2=C(C=CC(N3CCC(C=O)CC3)=C2)N=C(C)N1CCCC(O)=O-O=C1Oc2c(ccc(S(=O)(=O)Cl)c2)N1,49.80888905961893,Fc1ccc(cc1)C(N)c2nccn2-OC(=O)c1nc2c(cc1)C(=O)NC=C2,15.82096074062692,O=C(N1CCC(C=O)CC1)C2=CC=C(N3CCCN(CCCCCC(O)=O)C3=O)C=C2-Nc1ccc(cc1)C(C(F)(F)F)(O)C(F)(F)F-OC(=O)Cc1cc(F)c(Cl)cc1,10.778685848186848
35,,,Nc1c2c(ccc1)cnn2,2.708752688998156,OC(=O)c1sc(nc1)c2ncccn2,6.753860633066995,OC(CCC1=CC=NC(C2=CC=C(C=O)C=C2)=C1)=O-Cl.NCC1C(=O)Nc2c(cccc2)C1,22.63097341733252,OC(CCCN(CC1=C2C=CC(C3=CC(C=O)=CC=C3)=C1)C2=O)=O-O=C1Oc2c(ccc(S(=O)(=O)Cl)c2)N1,47.85984557467732,Cl.NCC1C(=O)Nc2c(cccc2)C1-O=Cc1cn(nc1C)c2c(F)cccc2,15.82096074062692,OC(CCCN1CC2=C(C=C(C=C2)C=O)C1=O)=O-NCc1nc(sc1)c2sccc2-OC(=O)c1c2c(ccc1)NC(=O)C(C)O2,10.379475261216964
36,,,Nc1ccc(cc1)c2nc3n(cccc3)c2,2.708752688998156,OC(=O)CC1C(=O)Nc2c(cccc2)C1,6.380531653349723,OC(CCCCCN(C1=O)C(C2=C(C=O)C=CC3=CC=CC1=C32)=O)=O-NCC(c1ccccc1)c2ccccc2,21.464428395820526,OC(CCCC1=CC(C=O)=CC=C1)=O-OC(=O)c1nc2c(cc1)C(=O)NC=C2,46.99360402581439,Cl.NCCCc1nccnc1-n1nc(nn1)c2ccc(cc2)S(=O)(=O)Cl,15.469383835279656,O=C1C2=C(C=C(C=C2)C=O)CN1CCCC(O)=O-Cl.NCC1C(=O)Nc2c(cccc2)C1-O=Cc1n(C)nc(c1)c2ccccc2,10.379475261216964
37,,,COC(=O)C(N)Cc1c2c(ccc(OC)c2)nc1,2.6966329901659494,N#Cc1cc(Cl)ncn1,6.363562154271666,O=C(O)CCC1=CC=CC(C2=CN=C(C=O)C=C2)=C1-COC(=O)C(N)Cc1c2c(cccc2F)nc1,21.11446488936693,O=C(O)CCCCNC1=NN(C)C2=C1C=CC(C=O)=C2-OC(=O)C1CCN(CC1)c2n3c(nnn3)cnc2,44.6114397664413,Cl.NCC1C(=O)Nc2c(cccc2)C1-OC(=O)CN1C(=O)NCCC1,14.766230024585123,O=C1C2=C(C=CC(C=O)=C2)N=C(C)N1CCCC(O)=O-Cl.NCC1C(=O)Nc2c(cccc2)C1-OC(=O)CC1c2c(cccc2)C(=O)O1,10.379475261216964
38,,,Nc1cc(nn1)c2cc(Cl)ccc2,2.66027389366933,OC(=O)c1cn2c(ccc(C)c2)n1,6.210836662569146,O=C1C2=C(C=CC(N3CCC(C=O)CC3)=C2)N=C(C)N1CCCC(O)=O-Cl.NCC1C(=O)Nc2c(cccc2)C1,20.647846880762145,O=C1C2=C(C=CC(N3CCC(C=O)C3)=C2)CN1CCCC(O)=O-O=C1Oc2c(ccc(S(=O)(=O)Cl)c2)N1,44.39487937922557,Cl.NCC1C(=O)Nc2c(cccc2)C1-O=Cc1cc(no1)c2ccccc2,14.766230024585123,O=C(N1CCC(C=O)CC1)C2=CC=C(N3CCCN(CCCCCC(O)=O)C3=O)C=C2-Cl.NCC1C(=O)Nc2c(cccc2)C1-O=Cc1nc(sc1)c2ccc(F)cc2,10.379475261216964
39,,,Cl.NCCc1nc(C(C)C)sc1,2.648154194837124,OC(=O)c1cc2c(ncc(Cl)c2)n1,6.193867163491088,O=C1C2=C(C=C(C=O)C=C2)N=C(C)N1CCCC(O)=O-Cl.NCC1C(=O)Nc2c(cccc2)C1,20.297883374308544,O=C(O)CCCCC=O-OC(=O)c1nc2c(cc1)C(=O)NC=C2,44.39487937922557,Nc1ccc(cc1)N(CC)c2nc(C)cc(C)n2-OC(=O)CC1c2c(ccc(F)c2)NC1=O,14.766230024585123,O=C1C2=C(C=C(C=C2)N3CCC(C=O)CC3)CN1CCCC(O)=O-NCc1nc(sc1)c2sccc2-OC(=O)c1c2c(ccc1)NC(=O)C(C)O2,9.98026467424708
40,,,CC(C)(C)OC(=O)Nc1ccc(cc1)CC(=O)N2CCNCC2,2.563316303011678,CCOC(C)c1sc(C(O)=O)cn1,6.176897664413031,O=C(O)CCC1=CC=CC(C2=CN=C(C=O)C=C2)=C1-Cl.NCc1nc(nn1)c2ccccc2,20.297883374308544,O=C(N1CCC(C=O)CC1)C2=CC=C(N3CCCN(CCCCCC(O)=O)C3=O)C=C2-OC(=O)c1nc2c(cc1)C(=O)NC=C2,43.09551705593116,Cl.Cl.COC(=O)[C@H](N)Cc1ncnc1-OC(=O)c1ccc(cc1)c2nccn2,14.766230024585123,O=C1C2=C(C=CC(N3CCC(C=O)C3)=C2)CN1CCCC(O)=O-Cl.NCC1C(=O)Nc2c(cccc2)C1-O=Cc1cc(cnc1)c2ccc(F)cc2,9.98026467424708
41,,,Nc1cc(nn1)c2cc(Cl)cc(Cl)c2,2.539076905347265,O=C1Nc2c(OC1)c(ccc2)C(O)=O,6.109019668100799,OC(CCC(C=C1)=CC=C1C2=CN=C(C=O)C=C2)=O-Cl.NCC1C(=O)Nc2c(cccc2)C1,19.94791986785495,OC(CCC1=CC=NC(C2=CC=C(C=O)C=C2)=C1)=O-O=C1Oc2c(ccc(S(=O)(=O)Cl)c2)N1,41.14647357098955,Cl.NCC1C(=O)Nc2c(cccc2)C1-CCCc1c(C(O)=O)cno1,14.766230024585123,O=C1C2=C(C=C(C=C2)C=O)CN1CCCC(O)=O-Nc1cc(nn1)c2sccc2-O=Cc1cc(ccc1)OC(C(O)=O)c2ccccc2,9.581054087277195
42,,,Nc1cnc(cc1)N2CC(=O)NCC2,2.429999615857406,N#Cc1c(C)cc(C(O)=O)cn1,6.041141671788568,OC(CCCCCN(C1=O)C(C2=C(C=O)C=CC3=CC=CC1=C32)=O)=O-Cl.NCC1C(=O)Nc2c(cccc2)C1,19.481301859250152,OC(CCCN1CC2=C(C=CC(C#CC=O)=C2)C1=O)=O-OC(=O)c1ccc(cc1)C2NC(=O)OC=2,40.28023202212661,NCc1n2c(nn1)ccc(C(F)(F)F)c2-CCN1CCN(CC1)c2c(C=O)cccc2,14.766230024585123,O=C(N1CCC(C=O)CC1)C2=CC=C(N3CCCN(CCCCCC(O)=O)C3=O)C=C2-NCc1ccc(cc1)C(C)(C)C-OC(=O)c1nc2c(ccn2)cc1,9.181843500307314
43,,,Nc1ccc(cc1)N2CCS(=O)(=O)CC2,2.3875806699446835,OC(=O)c1cc2c(nccn2)nc1,5.735690688383528,OC(CCCC1=CC=C(C=O)C=C1)=O-Cl.NCC1C(=O)Nc2c(cccc2)C1,19.24799285494776,OC(CCCCCN(C1=O)C(C2=C(C=O)C=CC3=CC=CC1=C32)=O)=O-O=C1Oc2c(ccc(S(=O)(=O)Cl)c2)N1,40.06367163491088,NCc1cc(Cl)c(cc1)OC(F)(F)F-OC(=O)CC1C(=O)Nc2c(cccc2)C1,14.41465311923786,OC(CCCCCN(C1=O)C(C2=C(C=O)C=CC3=CC=CC1=C32)=O)=O-NCc1nc(sc1)c2sccc2-OC(=O)c1c2c(ccc1)NC(=O)C(C)O2,8.78263291333743
44,,,Nc1cc(OCCOc2ccccc2)ccc1,2.3815208205285803,OC(=O)c1ccc(cc1)c2nccn2,5.684782191149354,O=C1C2=C(C=C(N3CCC(C([H])=O)CC3)C=C2)N=C(C)N1CCCC(O)=O-Nc1cc(nn1)c2occc2,19.24799285494776,OC(CCC(C=C1)=CN=C1C2=CC=C(C=O)C=C2)=O-O=C1Oc2c(ccc(S(=O)(=O)Cl)c2)N1,39.63055086047941,Cl.NCC1C(=O)Nc2c(cccc2)C1-OC(=O)c1c(onc1)C2CCC2,14.41465311923786,O=C1C2=C(C=CC(C=O)=C2)N=C(C)N1CCCC(O)=O-NCc1nc(sc1)c2sccc2-OC(=O)c1c2c(ccc1)NC(=O)C(C)O2,8.78263291333743
45,,,NCCNCc1ccccc1,2.375460971112477,OC(=O)C(Cc1ccccc1)N2C(=O)OCCC2,5.633873693915182,O=C(O)CCCCC=O-Cl.NCC1C(=O)Nc2c(cccc2)C1,19.13133835279656,O=C1C2=C(C=CC(C#CC=O)=C2)CN1CCCC(O)=O-OC(=O)c1ccc(cc1)C2NC(=O)OC=2,39.63055086047941,Cl.NCC1C(=O)Nc2c(cccc2)C1-O=C=NCCCc1ccccc1,14.41465311923786,OC(CCC(C=C1)=CC=C1C2=CC=C(C=O)C=N2)=O-Cl.NCC1C(=O)Nc2c(cccc2)C1-O=Cc1cc(ccc1)c2nnnn2,8.383422326367548
46,,,Oc1c(N)cc(cc1)c2ccccc2,2.375460971112477,OC(=O)C1=NN(Cc2occc2)C(=O)C=C1,5.481148202212662,O=C1C2=C(C=C(C=O)C=C2)N=C(C)N1CCCC(O)=O-Nc1cc(nn1)c2occc2,18.08144783343577,O=C(N1CCCC(O)=O)C2=C3C1=CC=CC3=C(C=O)C=C2-O=C1Oc2c(ccc(S(=O)(=O)Cl)c2)N1,37.0318262138906,Cl.NCC1C(=O)Nc2c(cccc2)C1-OC(=O)CN1c2c(cccc2)OC(F)(F)C1=O,14.063076213890596,O=C(N1CCC(C=O)CC1)C2=CC=C(N3CCCN(CCCCCC(O)=O)C3=O)C=C2-Cl.NCC1C(=O)Nc2c(cccc2)C1-O=Cc1c(C)nn(c1)c2ccc(F)cc2,7.984211739397664
47,,,CCc1c2c(nnc2N)n(C)n1,2.3451617240319607,OC(=O)c1cc(cnc1)C(F)F,5.481148202212662,OC(CCCN1CC2=C(C=CC(N3CCC(C=O)C3)=C2)C1=O)=O-Cl.NC[C@@H]1O[C@H](CC1)c2ccccc2,17.614829824830977,OC(CCC(C=C1)=CC=C1C2=CC=C(C=O)C=N2)=O-O=C1Oc2c(ccc(S(=O)(=O)Cl)c2)N1,37.0318262138906,Cl.NCC1C(=O)Nc2c(cccc2)C1-O=Cc1cn(nc1)c2c(OC)cccc2,14.063076213890596,O=C(N1CCC(C=O)CC1)C2=CC=C(N3CCCN(CCCCCC(O)=O)C3=O)C=C2-Cl.NCC1C(=O)Nc2c(cccc2)C1-O=C=NCCCc1ccccc1,7.984211739397664
48,,,Nc1cc(nn1)c2sccc2,2.326982175783651,OC(=O)c1c2n(ccnc2)c(n1)C(F)(F)F,5.396300706822372,OC(CCCN(CC1=C2C=CC(C3=CC(C=O)=CC=C3)=C1)C2=O)=O-NCc1n2c(nn1)ccc(C(F)(F)F)c2,17.031557314074984,O=C(O)CCC1=CC=CC(C2=CN=C(C=O)C=C2)=C1-O=C1Oc2c(ccc(S(=O)(=O)Cl)c2)N1,36.38214505224339,Cl.NCC1C(=O)Nc2c(cccc2)C1-O=Cc1cc(no1)c2cc(F)ccc2,14.063076213890596,O=C(N1CCC(C=O)CC1)C2=CC=C(N3CCCN(CCCCCC(O)=O)C3=O)C=C2-Cl.NCC1C(=O)Nc2c(cccc2)C1-CCSc1ncc(C=O)cn1,7.984211739397664
49,,,Fc1ccc(cc1)C(N)c2nccn2,2.320922326367548,OC(=O)Cc1cc(nn1)C(F)(F)F,4.95509373079287,O=C(O)CCCCC=O-Nc1cc(nn1)c2occc2,17.031557314074984,O=C1C2=C(C=C(C=C2)C=O)CN1CCCC(O)=O-OC(=O)C1CCN(CC1)c2n3c(nnn3)cnc2,36.16558466502766,Cl.CC(N)c1nc(on1)Cc2c3c(cccc3)on2-NC(=O)c1cc(Cl)ncn1,14.063076213890596,O=C1C2=C(C=C(N3CCC(C([H])=O)CC3)C=C2)N=C(C)N1CCCC(O)=O-Cl.NCC1C(=O)Nc2c(cccc2)C1-O=Cc1cc(ccc1)c2nnnn2,7.984211739397664
50,,,Cl.Cl.NCc1c(C)n(c2cnccc2)c(C)c1,2.3027427781192378,OC(=O)c1cc2c(nnc(C)c2C)cc1,4.836307237246466,O=C(N1CCCC(O)=O)C2=C3C1=CC=CC3=C(C=O)C=C2-Cl.Cl.O1CCN(CC1)[C@H]2[C@H](N)C2,16.91490281192379,OC(CCCC1=CC(C=O)=CC=C1)=O-O=C1Oc2c(ccc(S(=O)(=O)Cl)c2)N1,36.16558466502766,Nc1nn(Cc2ccccc2)c(C)c1-n1nc(nn1)c2ccc(cc2)S(=O)(=O)Cl,13.711499308543331,O=C1C2=C(C=CC(N3CCC(C=O)CC3)=C2)N=C(C)N1CCCC(O)=O-Cl.NCC1C(=O)Nc2c(cccc2)C1-O=Cc1cc(cnc1)c2ccc(F)cc2,7.585001152427781
51,,,Cl.COC(=O)C(N)Cc1oc2c(cccc2)c1,2.2785033804548247,OC(=O)c1c2c(OCO2)ccc1F,4.836307237246466,OC(CCCN1CC2=C(C=C(C=C2)N3CCC(C=O)CC3)C1=O)=O-Nc1cc(nn1)c2occc2,16.56493930547019,O=C(O)CCCCC=O-O=C1Oc2c(ccc(S(=O)(=O)Cl)c2)N1,33.99998079287032,CCC(N)c1n(ccn1)Cc2ccccc2-OC(=O)Cn1cc(Cl)cn1,13.711499308543331,OC(CCCN(CC1=C2C=CC(C3=CC(C=O)=CC=C3)=C1)C2=O)=O-NCc1n2c(nn1)ccc(C(F)(F)F)c2-O=Cc1c(cccc1)N2CCN(C)CC2,7.585001152427781
52,,,NCc1n2c(nn1)ccc(C(F)(F)F)c2,2.242144283958205,OC(=O)c1cc2c(CCC(=O)N2)cc1,4.802368239090351,O=C(N1CCC(C=O)CC1)C2=CC=C(N3CCCN(CCCCCC(O)=O)C3=O)C=C2-NCc1nc(sc1)c2sccc2,16.448284803318995,O=C(N1CCC(C=O)CC1)C2=CC=C(N3CCCN(CCCCCC(O)=O)C3=O)C=C2-CCCNS(=O)(=O)c1ccc(C(O)=O)cc1,32.91717885679164,Cl.NCC1C(=O)Nc2c(cccc2)C1-OC(=O)CCN1C(=O)c2c(cccc2)S1,13.711499308543331,OC(CCCCCCN1CCC(CC1)=O)=O-CC(C)(C)OC(=O)N1CCNCCC1-OC(=O)c1cc(ccc1)n2nccc2,7.585001152427781
53,,,Cl.Cl.NCc1nc2c(cc(C)cc2)n1,2.205785187461586,OC(=O)c1nc2c(ccn2)cc1,4.751459741856177,O=C1C2=C(C=CC(N3CCC(C=O)C3)=C2)CN1CCCC(O)=O-COc1cc2c(CC(N)C(O)=O)cnc2cc1,16.098321296865397,OC(CCC(C=C1)=CC=C1C2=CN=C(C=O)C=C2)=O-O=C1Oc2c(ccc(S(=O)(=O)Cl)c2)N1,32.26749769514444,Cl.NCC1C(=O)Nc2c(cccc2)C1-OC(=O)C1=NN(C(=O)CC1)c2cc(F)ccc2,13.359922403196066,OC(CCCN1CC2=C(C=C(C=C2)C=O)C1=O)=O-Cl.NCC1C(=O)Nc2c(cccc2)C1-O=Cc1cc(ccc1)c2nnnn2,7.585001152427781
54,,,NCc1cc(Cl)c(cc1)OC(F)(F)F,2.1270071450522434,OC(=O)c1c2n(C=CNC2=O)nc1C,4.700551244622004,OC(CCC(C=C1)=CC=C1C2=CN=C(C=O)C=C2)=O-COC(=O)C(N)Cc1c2c(cccc2F)nc1,15.515048786109404,O=C1C2=C(C=C(C=O)C=C2)N=NN1CCCC(O)=O-OC(=O)c1nc2c(cc1)C(=O)NC=C2,32.0509373079287,NCc1cc(Cl)c(cc1)OC(F)(F)F-OC(=O)c1nc2c(cc1)C(=O)NC=C2,13.359922403196066,O=C(N1CCC(C=O)CC1)C2=CC=C(N3CCCN(CCCCCC(O)=O)C3=O)C=C2-Nc1cnc(cc1)N2C(=O)CC(=N2)C3CC3-X,7.585001152427781
55,,,CC(C)(C)OC(=O)Nc1c2c(CCN2)ccc1,2.12094729563614,OC(=O)c1nc(sc1)c2ncccc2,4.4799477566072525,OC(CCCC1=CC(C=O)=CC=C1)=O-Cl.NCC1C(=O)Nc2c(cccc2)C1,15.281739781807008,OC(CCCN1CC2=C(C=C(C=C2)C=O)C1=O)=O-CCCNS(=O)(=O)c1ccc(C(O)=O)cc1,31.83437692071297,Cl.Cl.NC1CN(C1)C2SCCN=2-O=Cc1c2c(nc1)cc(C(O)=O)cn2,13.0083454978488,O=C1C2=C(C=CC(C=O)=C2)N=C(C)N1CCCC(O)=O-CC(C)(C)OC(=O)NC1C2C(CNC2)CC1-OC(=O)C1CCN(CC1)c2n3c(nnn3)cnc2,7.585001152427781
56,,,CC(C)(C)OC(=O)N1CC(NCC1)c2cc(Cl)c(Cl)cc2,2.114887446220037,O=Cc1cc(ccc1)OC(C(O)=O)c2ccccc2,4.462978257529195,O=C1C2=C(C=CC(C=O)=C2)N=C(C)N1CCCC(O)=O-Nc1cc(nn1)c2occc2,14.815121773202211,O=C(O)CCCCNC1=NN(C)C2=C1C=CC(C=O)=C2-O=Cc1cnc(cc1)c2ncccc2,30.751574984634296,Cl.NCC1C(=O)Nc2c(cccc2)C1-Cc1ccc(cc1)N2C(=O)CCC(C(O)=O)=N2,13.0083454978488,OC(CCC(C=C1)=CC=C1C2=CC=C(C=O)C=N2)=O-Cl.NCC1C(=O)Nc2c(cccc2)C1-O=Cc1cnc(cc1)c2cscc2,7.185790565457897
57,,,NC1Cc2c(NC1)nnc2C,2.1027677473878303,OC(=O)c1n2c(cn1)c(F)ccc2,4.429039259373079,O=C1C2=C(C=CC(N3CCC(C=O)CC3)=C2)N=C(C)N1CCCC(O)=O-Nc1cc(nn1)c2occc2,14.465158266748617,O=C1C2=C(C=CC(N3CCC(C=O)C3)=C2)CN1CCCC(O)=O-OC(=O)c1nc(sc1)c2nccnc2,30.751574984634296,Cl.NCC1C(=O)Nc2c(cccc2)C1-O=Cc1cnc(cc1)c2cscc2,13.0083454978488,O=C(N1CCC(C=O)CC1)C2=CC=C(N3CCCN(CCCCCC(O)=O)C3=O)C=C2-Cl.NCC1C(=O)Nc2c(cccc2)C1-O=Cc1cn(nn1)c2ccccc2,7.185790565457897
58,,,Cl.NCCN1Cc2c(cccc2)OCC1=O,2.1027677473878303,OC(=O)C1C(=O)NC(=CC=1)c2sccc2,4.361161263060849,O=C(O)CCC1=CC=CC(C2=CN=C(C=O)C=C2)=C1-Cl.COC(=O)C(N)Cc1c2c(cccc2)oc1,14.348503764597416,O=C1C2=C(C=CC(N3CCC(C=O)C3)=C2)CN1CCCC(O)=O-OC(=O)c1ncc(cc1)c2occc2,29.668773048555625,C1CNCC(CCC1)NC(=O)OC(C)(C)C-OC(=O)c1nc2c(cc1)C(=O)NC=C2,13.0083454978488,O=C(O)CCCCC=O-Cl.NCC1C(=O)Nc2c(cccc2)C1-O=Cc1cc(cnc1)c2ccc(F)cc2,7.185790565457897
59,,,Cl.Cl.NCc1c2c(ccc1)nnn2,2.072468500307314,OC(=O)Cn1c2c(CCCC2)c(n1)C(F)(F)F,4.2254052704363865,O=C1C2=C(C=C(N3CCC(C([H])=O)CC3)C=C2)N=C(C)N1CCCC(O)=O-NC1Cc2c(NC1)nnc2C,13.531922249539033,O=C1C2=C(C=CC(N3CCC(C=O)CC3)=C2)N=C(C)N1CCCC(O)=O-OC(=O)c1nc(sc1)c2nccnc2,29.45221266133989,CC(C)(C)OC(=O)N1CC(NCC1)c2cc(Cl)c(Cl)cc2-OC(=O)c1nc2c(cc1)C(=O)NC=C2,13.0083454978488,O=C1C2=C(C=CC(N3CCC(C=O)CC3)=C2)N=C(C)N1CCCC(O)=O-CC(C)(C)OC(=O)N1CC(NCC1)c2cc(Cl)c(Cl)cc2-OC(=O)c1nc2c(cc1)C(=O)NC=C2,6.786579978488014
60,,,Cl.CC(N)c1nc(on1)Cc2c3c(cccc3)on2,2.0664086508912107,OC(=O)CN1c2c(cccc2)OC(F)(F)C1=O,4.123588275968039,OC(CCCC1=CC(C=O)=CC=C1)=O-Nc1cc(nn1)c2occc2,13.41526774738783,O=C1C2=C(C=C(C=O)C=C2)N=NN1CCCC(O)=O-O=C1Oc2c(ccc(S(=O)(=O)Cl)c2)N1,29.235652274124156,Cl.NCC1C(=O)Nc2c(cccc2)C1-OC(=O)CC1c2c(cccc2)CCO1,13.0083454978488,O=C(N1CCC(C=O)CC1)C2=CC=C(N3CCCN(CCCCCC(O)=O)C3=O)C=C2-Cl.NCC1C(=O)Nc2c(cccc2)C1-O=Cc1cn(nc1)c2cc(F)ccc2,6.786579978488014
61,,,Nc1c2c(ccc1)n(C)nc2,2.054288952059004,Clc1c2c(cncc2)ncn1,4.089649277811924,OC(CCCN1C2=C3C(C=CC=C3C1=O)=C(C=O)C=C2)=O-Cl.NCC1C(=O)Nc2c(cccc2)C1,13.41526774738783,O=C1C2=C(C=C(C=C2)N3CCC(C=O)CC3)CN1CCCC(O)=O-OC(=O)c1nc(sc1)c2nccnc2,28.15285033804548,Cl.NCC1C(=O)Nc2c(cccc2)C1-O=Cc1cn(nc1)c2cc(Cl)ccc2,12.656768592501535,OC(CCC(C=C1)=CC=C1C2=CN=C(C=O)C=C2)=O-NCc1nc(sc1)c2sccc2-O=C1Nc2c(OC1)c(ccc2)C(O)=O,6.786579978488014
62,,,O=C(OC(C)(C)C)Nc1nn2c(CNCC2)c1,2.054288952059004,OC(=O)c1c2c(cccc2)no1,4.072679778733867,O=C1C2=C(C=CC(N3CCC(C=O)C3)=C2)CN1CCCC(O)=O-Nc1cc(nn1)c2occc2,13.298613245236632,OC(CCCCCN(C1=O)C(C2=C(C=O)C=CC3=CC=CC1=C32)=O)=O-OC(=O)C(Cc1ccccc1)N2C(=O)OCCC2,27.286608789182544,Cl.NCCN1c2c(cccc2)OC(C)(C)C1-n1nc(nn1)c2ccc(cc2)S(=O)(=O)Cl,12.30519168715427,O=C(N1CCC(C=O)CC1)C2=CC=C(N3CCCN(CCCCCC(O)=O)C3=O)C=C2-Cl.NCC1C(=O)Nc2c(cccc2)C1-Cc1ccc(cc1)N2C(=O)CCC(C(O)=O)=N2,6.786579978488014
63,,,Cl.NCCCc1nccnc1,2.0482291026429014,OC(=O)CCc1nc2c(cccc2)cc1,4.021771281499692,OC(CCC(C=C1)=CC=C1C2=CN=C(C=O)C=C2)=O-Cl.COC(=O)C(N)Cc1oc2c(cccc2)c1,13.181958743085431,OC(CCCN1C2=C3C(C=CC=C3C1=O)=C(C=O)C=C2)=O-O=C1Oc2c(ccc(S(=O)(=O)Cl)c2)N1,26.63692762753534,NCc1ccc(cc1)Oc2ccccc2-OC(=O)c1nc2c(cc1)C(=O)NC=C2,11.953614781807008,O=C1C2=C(C=C(C=C2)N3CCC(C=O)CC3)CN1CCCC(O)=O-NCc1nc(sc1)c2sccc2-O=C1Nc2c(OC1)c(ccc2)C(O)=O,6.387369391518131
64,,,NCc1ccc(cc1)C(C)(C)C,2.0361094038106944,OC(=O)c1cc(ccc1)C2NC(=O)NN=2,3.852076290719115,O=C1C2=C(C=CC(C=O)=C2)N=C(C)N1CCCC(O)=O-Cl.Cl.NCc1nc(no1)c2cnccc2,13.065304240934235,O=C1C2=C(C=C(N3CCC(C([H])=O)CC3)C=C2)N=C(C)N1CCCC(O)=O-OC(=O)c1nc(sc1)c2nccnc2,26.63692762753534,Cc1cc2c(ccc(N)c2F)n1-OC(=O)CCC1C(=O)Nc2c(cccc2)C1,11.953614781807008,O=C(O)CCC1=CC=CC(C2=CN=C(C=O)C=C2)=C1-NCc1nc(sc1)c2sccc2-OC(=O)c1c2c(ccc1)NC(=O)C(C)O2,6.387369391518131
65,,,CC(C)(C)OC(=O)Nc1cc2c(NCCC2)cc1,2.023989704978488,OC(=O)CC1=C(C)N2C(=CC(=O)N2)N=C1C,3.7672287953288257,O=C1C2=C(C=C(C=C2)N3CCC(C=O)CC3)CN1CCCC(O)=O-Nc1cc(nn1)c2occc2,12.831995236631837,O=C1C2=C(C=CC(C=O)=C2)N=C(C)N1CCCC(O)=O-OC(=O)C1CCN(CC1)c2n3c(nnn3)cnc2,25.55412569145667,Cl.NCC1C(=O)Nc2c(cccc2)C1-O=Cc1cc(nn1)C2CCOCC2,11.60203787645974,O=C(N1CCC(C=O)CC1)C2=CC=C(N3CCCN(CCCCCC(O)=O)C3=O)C=C2-Cl.NCC1C(=O)Nc2c(cccc2)C1-O=Cc1cn(nc1)c2ccccc2,6.387369391518131
66,,,Cl.COC(=O)C(N)Cc1c2c(cccc2)oc1,2.017929855562385,OC(=O)c1cc(ccc1F)n2nncc2,3.66541180086048,OC(CCCN1CC2=C(C=CC=C2C#CC=O)C1=O)=O-[H]N(C(OC(C)(C)C)=O)C1CCC(NC)CC1,12.598686232329442,O=C(O)CCCCC=O-CCCNS(=O)(=O)c1ccc(C(O)=O)cc1,25.55412569145667,NCCNS(=O)(=O)c1c2c(cncc2)ccc1-O=C1Oc2c(ccc(S(=O)(=O)Cl)c2)N1,11.60203787645974,OC(CCC(C=C1)=CC=C1C2=CN=C(C=O)C=C2)=O-Cl.NCC1C(=O)Nc2c(cccc2)C1-O=Cc1cc(cnc1)c2ccc(F)cc2,6.387369391518131
67,,,NCC1CN(CC1)c2ccc(F)cc2,1.9876306084818685,OC(=O)c1c2c(ccc1)C(=O)NC2,3.6484423017824215,OC(CCC(C=C1)=CC=C1C2=CN=C(C=O)C=C2)=O-COC(=O)C(N)Cc1c2c(ccc(OC)c2)nc1,12.598686232329442,OC(CCCN1CC2=C(C=CC(N3CCC(C=O)C3)=C2)C1=O)=O-OC(=O)c1nc(sc1)c2nccnc2,24.68788414259373,Nc1ccc(Cl)cc1-OC(=O)C(Cc1ccccc1)N2C(=O)OCCC2,11.250460971112476,O=C1C2=C(C=CC(N3CCC(C=O)CC3)=C2)N=C(C)N1CCCC(O)=O-NCc1nc(sc1)c2sccc2-O=C1Nc2c(OC1)c(ccc2)C(O)=O,6.387369391518131
68,,,Cl.Cl.NCc1c2c(CCOC2)nn1,1.9876306084818685,Fc1ccc(cc1)c2ccc(cc2)S(=O)(=O)Cl,3.6484423017824215,OC(CCCCCN(C1=O)C(C2=C(C=O)C=CC3=CC=CC1=C32)=O)=O-Nc1ccc(cc1)c2nnnn2,12.365377228027045,O=C(N1CCC(C=O)CC1)C2=CC=C(N3CCCN(CCCCCC(O)=O)C3=O)C=C2-O=Cc1cc(cnc1)c2ccc(F)cc2,24.471323755378,Cl.NCC1C(=O)Nc2c(cccc2)C1-O=Cc1ccc(cc1)S(=O)(=O)c2ccccc2,11.250460971112476,O=C(N1CCC(C=O)CC1)C2=CC=C(N3CCCN(CCCCCC(O)=O)C3=O)C=C2-Cl.NCC1C(=O)Nc2c(cccc2)C1-O=Cc1cn(nc1)c2ncccc2,6.387369391518131
69,,,Nc1ccc(cc1)Oc2ccccc2,1.9633912108174556,OC(=O)c1ccc(cc1)C2C(=O)NC(=O)S2,3.6484423017824215,O=C1C2=C(C=C(C=C2)N3CCC(C=O)CC3)CN1CCCC(O)=O-Cl.NCC1C(=O)Nc2c(cccc2)C1,12.132068223724648,O=C1C2=C(C=C(C=C2)N3CCC(C=O)CC3)CN1CCCC(O)=O-CCCNS(=O)(=O)c1ccc(C(O)=O)cc1,23.821642593730797,Cl.NCC1C(=O)Nc2c(cccc2)C1-O=Cc1c(C)oc(n1)c2sccc2,11.250460971112476,OC(CCCN1CC2=C(C=CC(N3CCC(C=O)C3)=C2)C1=O)=O-NCc1nc(sc1)c2sccc2-O=C1Nc2c(OC1)c(ccc2)C(O)=O,6.387369391518131
70,,,CN1CCN(CC1)c2cc(N)ccc2,1.951271511985249,OC(=O)c1cc2c(cc1)N3C(CCC3)C(=O)N2,3.6484423017824215,OC(CCCN1CC2=C(C=CC(N3CCC(C=O)C3)=C2)C1=O)=O-Cl.NCC1C(=O)Nc2c(cccc2)C1,12.015413721573449,O=C(N1CCC(C=O)CC1)C2=CC=C(N3CCCN(CCCCCC(O)=O)C3=O)C=C2-OC(=O)c1c2c(ccc1)NC(=O)C(C)O2,23.60508220651506,Cl.NCC1C(=O)Nc2c(cccc2)C1-OC(=O)CN1C(=O)C2(CCCC2)NC1=O,11.250460971112476,O=C(O)CCC1=CC=CC(C2=CN=C(C=O)C=C2)=C1-Cl.NCC1C(=O)Nc2c(cccc2)C1-O=Cc1cc(ccc1)c2nnnn2,6.387369391518131
71,,,NCc1ccc(cc1)Oc2ccccc2,1.927032114320836,O=C1Nc2c(CC1)c(ccc2)C(O)=O,3.631472802704364,OC(CCC1=CC=NC(C2=CC=C(C=O)C=C2)=C1)=O-Nc1cc(nn1)c2occc2,11.89875921942225,OC(CCCC1=CC=C(C=O)C=C1)=O-CCCNS(=O)(=O)c1ccc(C(O)=O)cc1,22.738840657652123,Cl.NCC1C(=O)Nc2c(cccc2)C1-O=Cc1cc(ccc1)OC(C(O)=O)c2ccccc2,10.89888406576521,OC(CCCN1CC2=C(C=C(C=C2)N3CCC(C=O)CC3)C1=O)=O-CC(C)(C)OC(=O)N[C@H]1[C@@H](CNC1)c2ccccc2-N#Cc1cc(F)c(cc1)N2CC(C(O)=O)CC2,5.988158804548249
72,,,CC(C)(C)OC(=O)NC1C2C1CCCCN2,1.8967328672403196,O=Cc1c(Cl)ccs1,3.631472802704364,O=C1C2=C(C=CC(N3CCC(C=O)CC3)=C2)N=C(C)N1CCCC(O)=O-COc1cc2c(CC(N)C(O)=O)cnc2cc1,11.782104717271052,O=C1C2=C(C=CC(N3CCC(C=O)CC3)=C2)N=C(C)N1CCCC(O)=O-OC(=O)C1CCN(CC1)c2n3c(nnn3)cnc2,22.30571988322065,Cl.NCC1CN(CC1)S(=O)(=O)c2sccc2-O=C1Oc2c(ccc(S(=O)(=O)Cl)c2)N1,10.89888406576521,O=C1C2=C(C=C(C=C2)N3CCC(C=O)CC3)CN1CCCC(O)=O-CC(C)(C)OC(=O)N1[C@H]2[C@H](CNC2)CCC1-OC(=O)Cc1c(cccc1)OCc2ccccc2,5.988158804548249
73,,,[H]N(C(OC(C)(C)C)=O)C1CCC(NC)CC1,1.890673017824216,O=Cc1cc(nn1)c2ncccc2,3.5635948063921328,O=C(O)CCCCC=O-Cl.NC[C@@H]1O[C@H](CC1)c2ccccc2,11.782104717271052,O=C1C2=C(C=CC(C=O)=C2)N=C(C)N1CCCC(O)=O-CCCNS(=O)(=O)c1ccc(C(O)=O)cc1,22.30571988322065,Cl.NCC1C(=O)Nc2c(cccc2)C1-OC(=O)C1CN(CC1)C(=O)OCc2ccccc2,10.89888406576521,O=C(N1CCC(C=O)CC1)C2=CC=C(N3CCCN(CCCCCC(O)=O)C3=O)C=C2-Cl.NCC1C(=O)Nc2c(cccc2)C1-O=Cc1cc(nn1)C2CCOCC2,5.988158804548249
74,,,CC(C)(C)OC(=O)Nc1cc2c(CNCCO2)cc1,1.884613168408113,OC(=O)C1c2c(CCC1)sc(C)n2,3.5296558082360177,OC(CCCN1CC2=C(C=C(C=C2)N3CCC(C=O)CC3)C1=O)=O-OC(=O)c1cc2c(ccc(N)c2)n1,11.548795712968657,OC(CCCN1CC2=C(C=C(C=C2)N3CCC(C=O)CC3)C1=O)=O-OC(=O)c1nc(sc1)c2nccnc2,21.65603872157345,O=C(OC(C)(C)C)Nc1nn2c(CNCC2)c1-OC(=O)c1nc2c(cc1)C(=O)NC=C2,10.89888406576521,O=C1C2=C(C=C(C=C2)N3CCC(C=O)CC3)CN1CCCC(O)=O-Cl.NCC1C(=O)Nc2c(cccc2)C1-O=Cc1cc(cnc1)c2ccc(F)cc2,5.988158804548249
75,,,Nc1nn(Cc2ccccc2)c(C)c1,1.8724934695759063,O=Cc1n(C)nc(c1)c2ccccc2,3.512686309157959,O=C1C2=C(C=C(N3CCC(C([H])=O)CC3)C=C2)N=C(C)N1CCCC(O)=O-COc1cc2c(CC(N)C(O)=O)cnc2cc1,11.548795712968657,O=C1C2=C(C=CC(N3CCC(C=O)CC3)=C2)N=C(C)N1CCCC(O)=O-CCCNS(=O)(=O)c1ccc(C(O)=O)cc1,21.65603872157345,NCc1n(C)c2c(n1)cc(cc2)C(F)(F)F-OC(=O)CC1C(=O)Nc2c(cccc2)C1,10.89888406576521,O=C1C2=C(C=CC(C=O)=C2)N=C(C)N1CCCC(O)=O-Cl.NCC1C(=O)Nc2c(cccc2)C1-O=Cc1cc(cnc1)c2ccc(F)cc2,5.988158804548249
76,,,Cl.Cl.NCCc1c2c(ccnc2)nc1,1.8421942224953904,OC(=O)CCc1ccc(cc1)S(=O)(N)=O,3.495716810079901,OC(CCCN1CC2=C(C=CC(N3CCC(C=O)C3)=C2)C1=O)=O-Nc1cc(nn1)c2occc2,11.315486708666258,O=C1C2=C(C=CC(N3CCC(C=O)C3)=C2)CN1CCCC(O)=O-OC(=O)C1CCN(CC1)c2n3c(nnn3)cnc2,21.43947833435772,NCc1n2c(nn1)ccc(C(F)(F)F)c2-O=Cc1c(cccc1)N(C)C2CCN(C)CC2,10.547307160417947,O=C(N1CCC(C=O)CC1)C2=CC=C(N3CCCN(CCCCCC(O)=O)C3=O)C=C2-Cl.NCC1C(=O)Nc2c(cccc2)C1-O=Cc1cc(no1)c2ccccc2,5.988158804548249
77,,,CC(C)(C)OC(=O)Nc1cc2c(CCCN2)cc1,1.8421942224953904,OC(=O)c1c2c(nnc2)ccc1F,3.495716810079901,OC(CCC1=CC=NC(C2=CC=C(C=O)C=C2)=C1)=O-COc1cc2c(CC(N)C(O)=O)cnc2cc1,11.19883220651506,O=C1C2=C(C=C(C=C2)C=O)CN1CCCC(O)=O-CCCNS(=O)(=O)c1ccc(C(O)=O)cc1,21.22291794714198,Cl.NCC1C(=O)Nc2c(cccc2)C1-O=Cc1cc(no1)c2c(F)cccc2,10.547307160417947,OC(CCCN1CC2=C(C=CC(N3CCC(C=O)C3)=C2)C1=O)=O-NCc1nc(sc1)c2sccc2-OC(=O)c1c2c(ccc1)NC(=O)C(C)O2,5.988158804548249
78,,,Nc1ccc(cc1)Oc2c(Cl)cccc2,1.836134373079287,OC(=O)c1ncc(OCc2ccccc2)nc1,3.4448083128457285,OC(CCCC1=CC=C(C=O)C=C1)=O-Cl.NC[C@@H]1O[C@H](CC1)c2ccccc2,10.848868700061464,O=C(N1CCC(C=O)CC1)C2=CC=C(N3CCCN(CCCCCC(O)=O)C3=O)C=C2-OC(=O)C1CCN(CC1)c2n3c(nnn3)cnc2,21.006357559926247,NCCCN1C(=O)C2(CCCC2)NC1=O-OC(=O)CN1c2c(cccc2)OC(F)(F)C1=O,10.547307160417947,O=C(N1CCC(C=O)CC1)C2=CC=C(N3CCCN(CCCCCC(O)=O)C3=O)C=C2-Cl.NCC1C(=O)Nc2c(cccc2)C1-O=Cc1sc(nc1)c2cc(F)ccc2,5.988158804548249
79,,,Cl.NCc1c(cccc1)COc2ccccc2,1.830074523663184,OC(=O)c1ocnc1,3.4448083128457285,OC(CCC(C=C1)=CC=C1C2=CN=C(C=O)C=C2)=O-Cl.COC(=O)C(N)Cc1c2c(cccc2)oc1,10.498905193607866,OC(CCCN1CC2=C(C=CC(N3CCC(C=O)C3)=C2)C1=O)=O-OC(=O)c1c2c(nccn2)cc(F)c1,20.78979717271051,Cl.NCC1C(=O)Nc2c(cccc2)C1-O=CC1CC(F)(F)CC1,10.547307160417947,OC(CCCN1CC2=C(C=CC(C#CC=O)=C2)C1=O)=O-CC(C)(C)OC(=O)N1[C@H](C)CNCC1-COc1cc2c(cc1)c(CC(O)=O)co2,5.988158804548249
80,,,Nc1ccc(cc1)Oc2ccc(Cl)cc2,1.8058351259987708,OC(=O)c1cc(c(Cl)cc1)S(=O)(N)=O,3.4278388137676705,OC(CCC(C=C1)=CC=C1C2=CN=C(C=O)C=C2)=O-Cl.CCOC(=O)C(N)CCc1nccnc1,10.498905193607866,O=C(O)CCCCNC1=NN(C)C2=C1C=CC(C=O)=C2-O=C1Oc2c(ccc(S(=O)(=O)Cl)c2)N1,20.57323678549477,Cl.Cl.Cl.NCCN1C(C)C(=O)NCC1-n1nc(nn1)c2ccc(cc2)S(=O)(=O)Cl,10.547307160417947,O=C1C2=C(C=C(C=O)C=C2)N=C(C)N1CCCC(O)=O-Cl.NCC1C(=O)Nc2c(cccc2)C1-O=Cc1cc(cnc1)c2ccc(F)cc2,5.988158804548249
81,,,Cl.Cl.CC(N)c1nc2c(cccc2)n1,1.7997752765826676,OC(=O)c1oc(cc1)c2ccccc2,3.3599608174554394,O=C1C2=C(C=C(C=C2)N3CCC(C=O)CC3)CN1CCCC(O)=O-COc1cc2c(CC(N)C(O)=O)cnc2cc1,10.382250691456669,OC(CCC1=CC=NC(C2=CC=C(C=O)C=C2)=C1)=O-OC(=O)C1CCN(CC1)c2n3c(nnn3)cnc2,20.57323678549477,Cl.NCC1C(=O)Nc2c(cccc2)C1-O=Cc1ccc(cc1)Cn2nccc2,10.195730255070684,OC(CCC(C=C1)=CC=C1C2=CN=C(C=O)C=C2)=O-Cl.NCc1ccc(cc1)CN2C(=O)C(C)(C)NC2=O-OC(=O)c1c2c(nnn2)cc(F)c1,5.988158804548249
82,,,Cl.Cl.NCc1nc(cs1)c2ncccc2,1.7997752765826676,OC(=O)C[C@H]1C(=O)N[C@@H](C)C(=O)N1,3.2920828211432083,O=C(O)CCC1=CC=CC(C2=CN=C(C=O)C=C2)=C1-Cl.NCC1=NC2=C(COCC2)C(=O)N1,10.382250691456669,O=C(N1CCC(C=O)CC1)C2=CC=C(N3CCCN(CCCCCC(O)=O)C3=O)C=C2-OC(=O)c1nc(sc1)c2nccnc2,20.35667639827904,Cl.NCC1C(=O)Nc2c(cccc2)C1-O=Cc1cn(nn1)c2ccccc2,10.195730255070684,O=C(N1CCC(C=O)CC1)C2=CC=C(N3CCCN(CCCCCC(O)=O)C3=O)C=C2-Cl.NCC1C(=O)Nc2c(cccc2)C1-O=Cc1cn(nc1C)c2c(F)cccc2,5.988158804548249
83,,,NCCC(c1ccccc1)c2ccccc2,1.7876555777504608,OC(=O)c1c2c(ccc1)nnn2,3.2920828211432083,OC(CCC(C=C1)=CC=C1C2=CN=C(C=O)C=C2)=O-COc1cc2c(CC(N)C(O)=O)cnc2cc1,10.148941687154272,O=C1C2=C(C=C(C=C2)N3CCC(C=O)CC3)CN1CCCC(O)=O-OC(=O)c1ccc(cc1)C2NC(=O)CCC2,20.35667639827904,Nc1ccc(cc1)C(C(F)(F)F)(O)C(F)(F)F-OC(=O)Cc1cc(F)c(Cl)cc1,10.195730255070684,OC(CCCN(CC1=C2C=CC(C3=CC(C=O)=CC=C3)=C1)C2=O)=O-Nc1cc(c(C)cc1)S(=O)(N)=O-OC(=O)C1CCCC1,5.988158804548249
84,,,N1CCN(CC1)C(=O)OC(C)(C)C,1.7694760295021512,N#Cc1c(cccc1)Sc2ccc(C(O)=O)cc2,3.2920828211432083,OC(CCCN(CC1=C2C=CC(C3=CC(C=O)=CC=C3)=C1)C2=O)=O-COc1cc2c(CC(N)C(O)=O)cnc2cc1,9.915632682851877,O=C(O)CCC1=CC=CC(C2=CN=C(C=O)C=C2)=C1-OC(=O)c1nc(sc1)c2nccnc2,20.140116011063306,NCCc1cnccc1-O=C1Oc2c(ccc(S(=O)(=O)Cl)c2)N1,10.195730255070684,O=C1C2=C(C=CC(N3CCC(C=O)C3)=C2)CN1CCCC(O)=O-NCc1nc(sc1)c2sccc2-O=C1Nc2c(OC1)c(ccc2)C(O)=O,5.988158804548249
85,,,NCCNS(=O)(=O)c1c2c(cncc2)ccc1,1.7694760295021512,OC(=O)CC1C(=O)NC(=O)S1,3.2751133220651503,O=C1C2=C(C=CC(N3CCC(C=O)C3)=C2)CN1CCCC(O)=O-OC(=O)c1cc2c(ccc(N)c2)n1,9.56566917639828,OC(CCCN1CC2=C(C=C(C=C2)N3CCC(C=O)CC3)C1=O)=O-CCCNS(=O)(=O)c1ccc(C(O)=O)cc1,20.140116011063306,Cl.NCC1C(=O)Nc2c(cccc2)C1-O=Cc1c(C)nn(c1)c2ccccc2,10.195730255070684,O=C(O)CCCCC=O-NCc1nc(sc1)c2sccc2-OC(=O)c1c2c(ccc1)NC(=O)C(C)O2,5.988158804548249
86,,,NCc1n2c(cccc2)nc1,1.763416180086048,OC(=O)c1sc(nc1)c2ncccc2,3.2581438229870927,O=C(O)CCC1=CC=CC(C2=CN=C(C=O)C=C2)=C1-COC(=O)C(N)Cc1c2c(ccc(OC)c2)nc1,9.44901467424708,OC(CCCN1CC2=C(C=CC(C#CC=O)=C2)C1=O)=O-OC(=O)C[C@H]1C(=O)N[C@@H](C)C(=O)N1,19.923555623847573,NCCNCc1ccccc1-OC(=O)CCC1C(=O)Nc2c(cccc2)C1,10.195730255070684,O=C(O)CCC1=CC=CC(C2=CN=C(C=O)C=C2)=C1-NCc1nc(sc1)c2sccc2-O=C1Nc2c(OC1)c(ccc2)C(O)=O,5.988158804548249
87,,,Cl.NCc1cc(ccn1)Oc2cc(F)c(F)cc2,1.757356330669945,O=S(Cl)(=O)c1ccc(cc1)Oc2ccccc2,3.2581438229870927,OC(CCCN1CC2=C(C=C(C=C2)N3CCC(C=O)CC3)C1=O)=O-COc1cc2c(CC(N)C(O)=O)cnc2cc1,9.44901467424708,O=C1C2=C(C=C(C=C2)C=O)CN1CCCC(O)=O-O=Cc1cc(ccc1)OC(C(O)=O)c2ccccc2,19.70699523663184,Cl.NCC1C(=O)Nc2c(cccc2)C1-COc1c(cccc1)n2cc(C(O)=O)cn2,10.195730255070684,OC(CCCN(CC1=C2C=CC(C3=CC(C=O)=CC=C3)=C1)C2=O)=O-CCN1[C@H](CN)CCC1-OC(=O)C(C)C1CC1,5.988158804548249
88,,,NCCc1ccc(cc1)OCc2n(C)ccn2,1.745236631837738,OC(=O)CCN1C(=O)c2c(ncn2)N(C)C1=O,3.1902658266748616,O=C1C2=C(C=CC(N3CCC(C=O)C3)=C2)CN1CCCC(O)=O-Cl.NCC1=NC2=C(COCC2)C(=O)N1,9.332360172095882,OC(CCCN(CC1=C2C=CC(C3=CC(C=O)=CC=C3)=C1)C2=O)=O-OC(=O)c1nc(sc1)c2nccnc2,19.273874462200368,CC(C)(C)OC(=O)N1CC(C1)C2CNCCC2-OC(=O)c1nc2c(cc1)C(=O)NC=C2,10.195730255070684,O=C(N1CCC(C=O)CC1)C2=CC=C(N3CCCN(CCCCCC(O)=O)C3=O)C=C2-Nc1ccc(cc1)Oc2c(Cl)cccc2-OC(=O)CC1C(=O)Nc2c(cccc2)SC1,5.988158804548249
89,,,CCC(C)Oc1ccc(N)cc1,1.745236631837738,OC(=O)c1sc(nc1)C2COCC2,3.173296327596804,O=C(O)CCC1=CC=CC(C2=CN=C(C=O)C=C2)=C1-COc1cc2c(CC(N)C(O)=O)cnc2cc1,9.332360172095882,OC(CCCN1CC2=C(C=CC(N3CCC(C=O)C3)=C2)C1=O)=O-CCCNS(=O)(=O)c1ccc(C(O)=O)cc1,19.057314074984635,Cl.NCC1C(=O)Nc2c(cccc2)C1-O=Cc1cc(F)c(cc1)n2cncc2,9.84415334972342,O=C(N1CCC(C=O)CC1)C2=CC=C(N3CCCN(CCCCCC(O)=O)C3=O)C=C2-Cl.NCC1C(=O)Nc2c(cccc2)C1-c1ccc(cc1)n2cc(cn2)c3c(C(O)=O)cno3,5.988158804548249
90,,,CC(C)(C)OC(=O)Nc1cc2c(CNCC2)cc1,1.7391767824216349,OC(=O)c1c(oc(n1)c2ccccc2)C3CC3,3.173296327596804,OC(CCCN1CC2=C(C=C(C=C2)C=O)C1=O)=O-Cl.NC[C@@H]1O[C@H](CC1)c2ccccc2,9.332360172095882,OC(CCC(C=C1)=CC=C1C2=CN=C(C=O)C=C2)=O-OC(=O)c1ncc(cc1)c2occc2,19.057314074984635,Cl.O=C1CN(CCN1)c2c(N)cccn2-OC(=O)C1CN(C1)C(c2ccccc2)c3ccccc3,9.84415334972342,O=C1C2=C(C=CC(C=O)=C2)N=C(C)N1CCCC(O)=O-Cl.NCC1C(=O)Nc2c(cccc2)C1-c1ccc(cc1)Cn2c(C)c(C(O)=O)c(C)n2,5.588948217578365
91,,,Cl.Cl.NC1CN(C1)C2SCCN=2,1.7331169330055316,COc1c(Cl)nc(nc1)c2ncccc2,3.139357329440688,O=C(O)CCC1=CC=CC(C2=CN=C(C=O)C=C2)=C1-Cl.CCOC(=O)C(N)CCc1nccnc1,9.332360172095882,O=C1C2=C(C=C(C=O)C=C2)N=C(C)N1CCCC(O)=O-OC(=O)c1nc(sc1)c2nccnc2,19.057314074984635,Cl.NCC1C(=O)Nc2c(cccc2)C1-O=Cc1cc(ccc1)n2nccc2,9.84415334972342,OC(CCC1=CC=NC(C2=CC=C(C=O)C=C2)=C1)=O-Cl.NCC1C(=O)Nc2c(cccc2)C1-OC(=O)CN1C(=O)NC(CC1)c2ccccc2,5.588948217578365
92,,,CC(C)(C)OC(=O)Nc1cc2c(OCCNC2)cc1,1.7270570835894283,OC(=O)c1sc(nc1)c2nccnc2,3.139357329440688,OC(CCCC1=CC(C=O)=CC=C1)=O-Cl.NC[C@@H]1O[C@H](CC1)c2ccccc2,9.215705669944684,OC(CCCN1CC2=C(C=C(C=C2)C=O)C1=O)=O-OC(=O)C1CCN(CC1)c2n3c(nnn3)cnc2,19.057314074984635,Cl.NCC1C(=O)Nc2c(cccc2)C1-OC(=O)CN1C(=O)C(NC1=O)(C)c2ccccc2,9.492576444376152,O=C1C2=C(C=CC(C=O)=C2)N=C(C)N1CCCC(O)=O-Cl.NCC1C(=O)Nc2c(cccc2)C1-OC(=O)CN1c2c(cccc2)OC(F)(F)C1=O,5.588948217578365
93,,,CC(C)(C)OC(=O)NCc1c2c(NCCC2)ccc1,1.720997234173325,OC(=O)CCc1oc(cn1)c2ccc(Cl)cc2,3.0375403349723418,O=C1C2=C(C=C(N3CCC(C([H])=O)CC3)C=C2)N=C(C)N1CCCC(O)=O-Cl.NCC1=NC2=C(COCC2)C(=O)N1,9.215705669944684,OC(CCCN1CC2=C(C=CC=C2C#CC=O)C1=O)=O-OC(=O)c1nc2c(cc1)C(=O)NC=C2,18.19107252612169,Cl.COc1ccc(cc1)Oc2cc(CN)ccc2-OC(=O)c1nc2c(cc1)C(=O)NC=C2,9.492576444376152,OC(CCC(C=C1)=CN=C1C2=CC=C(C=O)C=C2)=O-CC(C)(C)OC(=O)NC1C2C1CCCCN2-O=C1Oc2c(C=C1)cc(cc2)S(=O)(=O)Cl,5.588948217578365
94,,,Cl.NCCn1cc(C(O)=O)nc1,1.714937384757222,OC(=O)c1c(C)n(c2nccnc2)c(C)c1,3.003601336816226,O=C(O)CCC1=CC=CC(C2=CN=C(C=O)C=C2)=C1-Cl.COC(=O)C(N)Cc1oc2c(cccc2)c1,9.215705669944684,OC(CCCN1CC2=C(C=CC(N3CCC(C=O)C3)=C2)C1=O)=O-OC(=O)C1CCN(CC1)c2n3c(nnn3)cnc2,17.97451213890596,CC(C)(C)OC(=O)N1CCC2(CCNCC2)CC1-O=C1Oc2c(ccc(S(=O)(=O)Cl)c2)N1,9.492576444376152,O=C(O)CCCCNC1=NN(C)C2=C1C=CC(C=O)=C2-NCc1nc(sc1)c2sccc2-OC(=O)c1c2c(ccc1)NC(=O)C(C)O2,5.588948217578365
95,,,CC(C)(C)OC(=O)N1CC(C1)C2CNCCC2,1.696757836508912,OC(=O)CN1C(=O)c2c(scc2)N=C1,3.003601336816226,O=C1C2=C(C=C(C=O)C=C2)N=NN1CCCC(O)=O-Nc1cc(nn1)c2occc2,9.099051167793483,OC(CCC(C=C1)=CN=C1C2=CC=C(C=O)C=C2)=O-OC(=O)c1nc(sc1)c2nccnc2,17.757951751690225,Cl.Cl.NCCc1nc(nn1)c2ccccc2-OC(=O)c1nc2c(cc1)C(=O)NC=C2,9.492576444376152,O=C(N1CCC(C=O)CC1)C2=CC=C(N3CCCN(CCCCCC(O)=O)C3=O)C=C2-Cl.NCC1C(=O)Nc2c(cccc2)C1-COc1nc2c(cc1)nc(C=O)c2,5.588948217578365
96,,,Cl.NCc1ccc(cc1)Oc2ccc(F)cc2,1.6785782882606024,OC(=O)C1CC2C(=NNC(=O)C=2)CC1,2.935723340503995,O=C1C2=C(C=C(C=O)C=C2)N=C(C)N1CCCC(O)=O-OC(=O)c1cc2c(ccc(N)c2)n1,8.982396665642286,O=C1C2=C(C=CC(C=O)=C2)N=C(C)N1CCCC(O)=O-OC(=O)c1nc(sc1)c2nccnc2,17.757951751690225,Cl.NCC1C(=O)Nc2c(cccc2)C1-O=Cc1cnc(nc1)c2sccc2,9.492576444376152,O=C(O)CCCCNC1=NN(C)C2=C1C=CC(C=O)=C2-CC1CCN(CCN1)C(=O)OC(C)(C)C-OC(=O)C1CCN(CC1)c2n3c(nnn3)cnc2,5.588948217578365
97,,,CC(C)(C)OC(=O)Nc1c2c(CCNC2)ccc1,1.6725184388444991,OC(=O)CC1C(=O)Nc2c(cccc2)S1,2.935723340503995,O=C(N1CCCC(O)=O)C2=C3C1=CC=CC3=C(C=O)C=C2-Cl.NCC1C(=O)Nc2c(cccc2)C1,8.865742163491088,O=C1C2=C(C=C(N3CCC(C([H])=O)CC3)C=C2)N=C(C)N1CCCC(O)=O-OC(=O)C1CCN(CC1)c2n3c(nnn3)cnc2,17.757951751690225,Cl.Cl.NCC(c1ccccc1)c2nccn2-OC(=O)c1nc2c(cc1)C(=O)NC=C2,9.492576444376152,O=C1C2=C(C=CC(C=O)=C2)N=C(C)N1CCCC(O)=O-Cl.NCC1C(=O)Nc2c(cccc2)C1-CCc1c(cno1)C(O)=O,5.588948217578365
98,,,CC(C)(C)OC(=O)Nc1cc(ccc1)C2CCNCC2,1.666458589428396,O=Cc1csnn1,2.9017843423478795,O=C(O)CCC1=CC=CC(C2=CN=C(C=O)C=C2)=C1-OC(=O)c1cc2c(ccc(N)c2)n1,8.63243315918869,O=C1C2=C(C=CC(N3CCC(C=O)C3)=C2)CN1CCCC(O)=O-O=C=N[C@@H](C)c1ccccc1,17.541391364474492,Cl.NCCN1c2c(cccc2)NS1(=O)=O-OC(=O)CCC1C(=O)Nc2c(cccc2)C1,9.140999539028888,O=C(N1CCC(C=O)CC1)C2=CC=C(N3CCCN(CCCCCC(O)=O)C3=O)C=C2-CC(C)(C)OC(=O)N1[C@H]2[C@H](CNC2)CCC1-OC(=O)C1CCN(CC1)c2n3c(nnn3)cnc2,5.588948217578365
99,,,Nc1cc2c(cc1)n(nc2)Cc3ccccc3,1.6422191917639828,OC(=O)c1cc2c(cccc2)nn1,2.816936846957591,O=C1C2=C(C=C(C=O)C=C2)N=NN1CCCC(O)=O-Cl.NCC1C(=O)Nc2c(cccc2)C1,8.63243315918869,OC(CCC(C=C1)=CC=C1C2=CC=C(C=O)C=N2)=O-OC(=O)c1nc(sc1)c2nccnc2,17.541391364474492,Cl.NCC1C(=O)Nc2c(cccc2)C1-OC(=O)C1=NN(C(=O)CC1)c2ccccc2,9.140999539028888,OC(CCCN1CC2=C(C=C(C=C2)C=O)C1=O)=O-Cl.NCC1C(=O)Nc2c(cccc2)C1-O=Cc1n(C)nc(c1)c2ccccc2,5.588948217578365
